taxonomy,Domain,Phylum,Class,Order,Family,Genus
Bacteria;Abditibacteriota;Abditibacteria;Abditibacteriales;Abditibacteriaceae;Abditibacterium,Bacteria,Abditibacteriota,Abditibacteria,Abditibacteriales,Abditibacteriaceae,Abditibacterium
Bacteria;Actinobacteriota;Actinobacteria,Bacteria,Actinobacteriota,Actinobacteria,,,
Bacteria;Actinobacteriota;Actinobacteria;Actinomycetales;Actinomycetaceae,Bacteria,Actinobacteriota,Actinobacteria,Actinomycetales,Actinomycetaceae,
Bacteria;Actinobacteriota;Actinobacteria;Actinomycetales;Actinomycetaceae;Actinomyces,Bacteria,Actinobacteriota,Actinobacteria,Actinomycetales,Actinomycetaceae,Actinomyces
Bacteria;Actinobacteriota;Actinobacteria;Actinomycetales;Actinomycetaceae;Arcanobacterium,Bacteria,Actinobacteriota,Actinobacteria,Actinomycetales,Actinomycetaceae,Arcanobacterium
Bacteria;Actinobacteriota;Actinobacteria;Actinomycetales;Actinomycetaceae;Mobiluncus,Bacteria,Actinobacteriota,Actinobacteria,Actinomycetales,Actinomycetaceae,Mobiluncus
Bacteria;Actinobacteriota;Actinobacteria;Actinomycetales;Actinomycetaceae;Trueperella,Bacteria,Actinobacteriota,Actinobacteria,Actinomycetales,Actinomycetaceae,Trueperella
Bacteria;Actinobacteriota;Actinobacteria;Actinomycetales;Actinomycetaceae;Varibaculum,Bacteria,Actinobacteriota,Actinobacteria,Actinomycetales,Actinomycetaceae,Varibaculum
Bacteria;Actinobacteriota;Actinobacteria;Bifidobacteriales;Bifidobacteriaceae;Bifidobacterium,Bacteria,Actinobacteriota,Actinobacteria,Bifidobacteriales,Bifidobacteriaceae,Bifidobacterium
Bacteria;Actinobacteriota;Actinobacteria;Bifidobacteriales;Bifidobacteriaceae;Gardnerella,Bacteria,Actinobacteriota,Actinobacteria,Bifidobacteriales,Bifidobacteriaceae,Gardnerella
Bacteria;Actinobacteriota;Actinobacteria;Corynebacteriales,Bacteria,Actinobacteriota,Actinobacteria,Corynebacteriales,,
Bacteria;Actinobacteriota;Actinobacteria;Corynebacteriales;Corynebacteriaceae,Bacteria,Actinobacteriota,Actinobacteria,Corynebacteriales,Corynebacteriaceae,
Bacteria;Actinobacteriota;Actinobacteria;Corynebacteriales;Corynebacteriaceae;Corynebacterium,Bacteria,Actinobacteriota,Actinobacteria,Corynebacteriales,Corynebacteriaceae,Corynebacterium
Bacteria;Actinobacteriota;Actinobacteria;Corynebacteriales;Corynebacteriaceae;Lawsonella,Bacteria,Actinobacteriota,Actinobacteria,Corynebacteriales,Corynebacteriaceae,Lawsonella
Bacteria;Actinobacteriota;Actinobacteria;Corynebacteriales;Dietziaceae;Dietzia,Bacteria,Actinobacteriota,Actinobacteria,Corynebacteriales,Dietziaceae,Dietzia
Bacteria;Actinobacteriota;Actinobacteria;Corynebacteriales;Mycobacteriaceae;Mycobacterium,Bacteria,Actinobacteriota,Actinobacteria,Corynebacteriales,Mycobacteriaceae,Mycobacterium
Bacteria;Actinobacteriota;Actinobacteria;Corynebacteriales;Nocardiaceae;Rhodococcus,Bacteria,Actinobacteriota,Actinobacteria,Corynebacteriales,Nocardiaceae,Rhodococcus
Bacteria;Actinobacteriota;Actinobacteria;Corynebacteriales;Nocardiaceae;Williamsia,Bacteria,Actinobacteriota,Actinobacteria,Corynebacteriales,Nocardiaceae,Williamsia
Bacteria;Actinobacteriota;Actinobacteria;Frankiales;Acidothermaceae;Acidothermus,Bacteria,Actinobacteriota,Actinobacteria,Frankiales,Acidothermaceae,Acidothermus
Bacteria;Actinobacteriota;Actinobacteria;Micrococcales,Bacteria,Actinobacteriota,Actinobacteria,Micrococcales,,
Bacteria;Actinobacteriota;Actinobacteria;Micrococcales;Brevibacteriaceae;Brevibacterium,Bacteria,Actinobacteriota,Actinobacteria,Micrococcales,Brevibacteriaceae,Brevibacterium
Bacteria;Actinobacteriota;Actinobacteria;Micrococcales;Cellulomonadaceae;Pseudactinotalea,Bacteria,Actinobacteriota,Actinobacteria,Micrococcales,Cellulomonadaceae,Pseudactinotalea
Bacteria;Actinobacteriota;Actinobacteria;Micrococcales;Demequinaceae;Demequina,Bacteria,Actinobacteriota,Actinobacteria,Micrococcales,Demequinaceae,Demequina
Bacteria;Actinobacteriota;Actinobacteria;Micrococcales;Dermabacteraceae;Brachybacterium,Bacteria,Actinobacteriota,Actinobacteria,Micrococcales,Dermabacteraceae,Brachybacterium
Bacteria;Actinobacteriota;Actinobacteria;Micrococcales;Dermabacteraceae;Dermabacter,Bacteria,Actinobacteriota,Actinobacteria,Micrococcales,Dermabacteraceae,Dermabacter
Bacteria;Actinobacteriota;Actinobacteria;Micrococcales;Dermabacteraceae;Helcobacillus,Bacteria,Actinobacteriota,Actinobacteria,Micrococcales,Dermabacteraceae,Helcobacillus
Bacteria;Actinobacteriota;Actinobacteria;Micrococcales;Dermatophilaceae;Piscicoccus,Bacteria,Actinobacteriota,Actinobacteria,Micrococcales,Dermatophilaceae,Piscicoccus
Bacteria;Actinobacteriota;Actinobacteria;Micrococcales;Intrasporangiaceae,Bacteria,Actinobacteriota,Actinobacteria,Micrococcales,Intrasporangiaceae,
Bacteria;Actinobacteriota;Actinobacteria;Micrococcales;Intrasporangiaceae;Janibacter,Bacteria,Actinobacteriota,Actinobacteria,Micrococcales,Intrasporangiaceae,Janibacter
Bacteria;Actinobacteriota;Actinobacteria;Micrococcales;Intrasporangiaceae;Ornithinimicrobium,Bacteria,Actinobacteriota,Actinobacteria,Micrococcales,Intrasporangiaceae,Ornithinimicrobium
Bacteria;Actinobacteriota;Actinobacteria;Micrococcales;Intrasporangiaceae;Tetrasphaera,Bacteria,Actinobacteriota,Actinobacteria,Micrococcales,Intrasporangiaceae,Tetrasphaera
Bacteria;Actinobacteriota;Actinobacteria;Micrococcales;Microbacteriaceae;Curtobacterium,Bacteria,Actinobacteriota,Actinobacteria,Micrococcales,Microbacteriaceae,Curtobacterium
Bacteria;Actinobacteriota;Actinobacteria;Micrococcales;Microbacteriaceae;Microbacterium,Bacteria,Actinobacteriota,Actinobacteria,Micrococcales,Microbacteriaceae,Microbacterium
Bacteria;Actinobacteriota;Actinobacteria;Micrococcales;Microbacteriaceae;Pseudoclavibacter,Bacteria,Actinobacteriota,Actinobacteria,Micrococcales,Microbacteriaceae,Pseudoclavibacter
Bacteria;Actinobacteriota;Actinobacteria;Micrococcales;Micrococcaceae,Bacteria,Actinobacteriota,Actinobacteria,Micrococcales,Micrococcaceae,
Bacteria;Actinobacteriota;Actinobacteria;Micrococcales;Micrococcaceae;Kocuria,Bacteria,Actinobacteriota,Actinobacteria,Micrococcales,Micrococcaceae,Kocuria
Bacteria;Actinobacteriota;Actinobacteria;Micrococcales;Micrococcaceae;Micrococcus,Bacteria,Actinobacteriota,Actinobacteria,Micrococcales,Micrococcaceae,Micrococcus
Bacteria;Actinobacteriota;Actinobacteria;Micrococcales;Micrococcaceae;Nesterenkonia,Bacteria,Actinobacteriota,Actinobacteria,Micrococcales,Micrococcaceae,Nesterenkonia
Bacteria;Actinobacteriota;Actinobacteria;Micrococcales;Micrococcaceae;Paeniglutamicibacter,Bacteria,Actinobacteriota,Actinobacteria,Micrococcales,Micrococcaceae,Paeniglutamicibacter
Bacteria;Actinobacteriota;Actinobacteria;Micrococcales;Micrococcaceae;Pseudarthrobacter,Bacteria,Actinobacteriota,Actinobacteria,Micrococcales,Micrococcaceae,Pseudarthrobacter
Bacteria;Actinobacteriota;Actinobacteria;Micrococcales;Micrococcaceae;Pseudoglutamicibacter,Bacteria,Actinobacteriota,Actinobacteria,Micrococcales,Micrococcaceae,Pseudoglutamicibacter
Bacteria;Actinobacteriota;Actinobacteria;Micrococcales;Micrococcaceae;Rothia,Bacteria,Actinobacteriota,Actinobacteria,Micrococcales,Micrococcaceae,Rothia
Bacteria;Actinobacteriota;Actinobacteria;Propionibacteriales;Nocardioidaceae;Nocardioides,Bacteria,Actinobacteriota,Actinobacteria,Propionibacteriales,Nocardioidaceae,Nocardioides
Bacteria;Actinobacteriota;Actinobacteria;Propionibacteriales;Propionibacteriaceae;Cutibacterium,Bacteria,Actinobacteriota,Actinobacteria,Propionibacteriales,Propionibacteriaceae,Cutibacterium
Bacteria;Actinobacteriota;Actinobacteria;Propionibacteriales;Propionibacteriaceae;Friedmanniella,Bacteria,Actinobacteriota,Actinobacteria,Propionibacteriales,Propionibacteriaceae,Friedmanniella
Bacteria;Actinobacteriota;Actinobacteria;Propionibacteriales;Propionibacteriaceae;Propionibacterium,Bacteria,Actinobacteriota,Actinobacteria,Propionibacteriales,Propionibacteriaceae,Propionibacterium
Bacteria;Actinobacteriota;Actinobacteria;Propionibacteriales;Propionibacteriaceae;Propionicicella,Bacteria,Actinobacteriota,Actinobacteria,Propionibacteriales,Propionibacteriaceae,Propionicicella
Bacteria;Actinobacteriota;Actinobacteria;Propionibacteriales;Propionibacteriaceae;Propionimicrobium,Bacteria,Actinobacteriota,Actinobacteria,Propionibacteriales,Propionibacteriaceae,Propionimicrobium
Bacteria;Actinobacteriota;Actinobacteria;Propionibacteriales;Propionibacteriaceae;Tessaracoccus,Bacteria,Actinobacteriota,Actinobacteria,Propionibacteriales,Propionibacteriaceae,Tessaracoccus
Bacteria;Actinobacteriota;Actinobacteria;Pseudonocardiales;Pseudonocardiaceae;Pseudonocardia,Bacteria,Actinobacteriota,Actinobacteria,Pseudonocardiales,Pseudonocardiaceae,Pseudonocardia
Bacteria;Actinobacteriota;Actinobacteria;Streptosporangiales,Bacteria,Actinobacteriota,Actinobacteria,Streptosporangiales,,
Bacteria;Actinobacteriota;Coriobacteriia;Coriobacteriales,Bacteria,Actinobacteriota,Coriobacteriia,Coriobacteriales,,
Bacteria;Actinobacteriota;Coriobacteriia;Coriobacteriales;Atopobiaceae,Bacteria,Actinobacteriota,Coriobacteriia,Coriobacteriales,Atopobiaceae,
Bacteria;Actinobacteriota;Coriobacteriia;Coriobacteriales;Atopobiaceae;Atopobium,Bacteria,Actinobacteriota,Coriobacteriia,Coriobacteriales,Atopobiaceae,Atopobium
Bacteria;Actinobacteriota;Coriobacteriia;Coriobacteriales;Coriobacteriaceae;Collinsella,Bacteria,Actinobacteriota,Coriobacteriia,Coriobacteriales,Coriobacteriaceae,Collinsella
Bacteria;Actinobacteriota;Coriobacteriia;Coriobacteriales;Coriobacteriales Incertae Sedis,Bacteria,Actinobacteriota,Coriobacteriia,Coriobacteriales,Coriobacteriales Incertae Sedis,
Bacteria;Actinobacteriota;Coriobacteriia;Coriobacteriales;Eggerthellaceae,Bacteria,Actinobacteriota,Coriobacteriia,Coriobacteriales,Eggerthellaceae,
Bacteria;Actinobacteriota;Coriobacteriia;Coriobacteriales;Eggerthellaceae;DNF00809,Bacteria,Actinobacteriota,Coriobacteriia,Coriobacteriales,Eggerthellaceae,DNF00809
Bacteria;Actinobacteriota;Coriobacteriia;Coriobacteriales;Eggerthellaceae;Enterorhabdus,Bacteria,Actinobacteriota,Coriobacteriia,Coriobacteriales,Eggerthellaceae,Enterorhabdus
Bacteria;Actinobacteriota;Rubrobacteria;Rubrobacterales;Rubrobacteriaceae;Rubrobacter,Bacteria,Actinobacteriota,Rubrobacteria,Rubrobacterales,Rubrobacteriaceae,Rubrobacter
Bacteria;Bacteroidota,Bacteria,Bacteroidota,,,,
Bacteria;Bacteroidota;Bacteroidia,Bacteria,Bacteroidota,Bacteroidia,,,
Bacteria;Bacteroidota;Bacteroidia;Bacteroidales,Bacteria,Bacteroidota,Bacteroidia,Bacteroidales,,
Bacteria;Bacteroidota;Bacteroidia;Bacteroidales;Bacteroidaceae;Bacteroides,Bacteria,Bacteroidota,Bacteroidia,Bacteroidales,Bacteroidaceae,Bacteroides
Bacteria;Bacteroidota;Bacteroidia;Bacteroidales;Dysgonomonadaceae;Proteiniphilum,Bacteria,Bacteroidota,Bacteroidia,Bacteroidales,Dysgonomonadaceae,Proteiniphilum
Bacteria;Bacteroidota;Bacteroidia;Bacteroidales;F082,Bacteria,Bacteroidota,Bacteroidia,Bacteroidales,F082,
Bacteria;Bacteroidota;Bacteroidia;Bacteroidales;Marinifilaceae;Odoribacter,Bacteria,Bacteroidota,Bacteroidia,Bacteroidales,Marinifilaceae,Odoribacter
Bacteria;Bacteroidota;Bacteroidia;Bacteroidales;Muribaculaceae,Bacteria,Bacteroidota,Bacteroidia,Bacteroidales,Muribaculaceae,
Bacteria;Bacteroidota;Bacteroidia;Bacteroidales;p-2534-18B5 gut group,Bacteria,Bacteroidota,Bacteroidia,Bacteroidales,p-2534-18B5 gut group,
Bacteria;Bacteroidota;Bacteroidia;Bacteroidales;Porphyromonadaceae,Bacteria,Bacteroidota,Bacteroidia,Bacteroidales,Porphyromonadaceae,
Bacteria;Bacteroidota;Bacteroidia;Bacteroidales;Porphyromonadaceae;Porphyromonas,Bacteria,Bacteroidota,Bacteroidia,Bacteroidales,Porphyromonadaceae,Porphyromonas
Bacteria;Bacteroidota;Bacteroidia;Bacteroidales;Prevotellaceae,Bacteria,Bacteroidota,Bacteroidia,Bacteroidales,Prevotellaceae,
Bacteria;Bacteroidota;Bacteroidia;Bacteroidales;Prevotellaceae;Alloprevotella,Bacteria,Bacteroidota,Bacteroidia,Bacteroidales,Prevotellaceae,Alloprevotella
Bacteria;Bacteroidota;Bacteroidia;Bacteroidales;Prevotellaceae;Prevotella,Bacteria,Bacteroidota,Bacteroidia,Bacteroidales,Prevotellaceae,Prevotella
Bacteria;Bacteroidota;Bacteroidia;Bacteroidales;Prevotellaceae;Prevotellaceae NK3B31 group,Bacteria,Bacteroidota,Bacteroidia,Bacteroidales,Prevotellaceae,Prevotellaceae NK3B31 group
Bacteria;Bacteroidota;Bacteroidia;Bacteroidales;Prevotellaceae;Prevotellaceae UCG-001,Bacteria,Bacteroidota,Bacteroidia,Bacteroidales,Prevotellaceae,Prevotellaceae UCG-001
Bacteria;Bacteroidota;Bacteroidia;Bacteroidales;Prevotellaceae;Prevotellaceae UCG-003,Bacteria,Bacteroidota,Bacteroidia,Bacteroidales,Prevotellaceae,Prevotellaceae UCG-003
Bacteria;Bacteroidota;Bacteroidia;Bacteroidales;Rikenellaceae;Alistipes,Bacteria,Bacteroidota,Bacteroidia,Bacteroidales,Rikenellaceae,Alistipes
Bacteria;Bacteroidota;Bacteroidia;Bacteroidales;Rikenellaceae;Rikenellaceae RC9 gut group,Bacteria,Bacteroidota,Bacteroidia,Bacteroidales,Rikenellaceae,Rikenellaceae RC9 gut group
Bacteria;Bacteroidota;Bacteroidia;Bacteroidales;Tannerellaceae;Parabacteroides,Bacteria,Bacteroidota,Bacteroidia,Bacteroidales,Tannerellaceae,Parabacteroides
Bacteria;Bacteroidota;Bacteroidia;Cytophagales;Hymenobacteraceae;Hymenobacter,Bacteria,Bacteroidota,Bacteroidia,Cytophagales,Hymenobacteraceae,Hymenobacter
Bacteria;Bacteroidota;Bacteroidia;Flavobacteriales;Flavobacteriaceae;Antarcticibacterium,Bacteria,Bacteroidota,Bacteroidia,Flavobacteriales,Flavobacteriaceae,Antarcticibacterium
Bacteria;Bacteroidota;Bacteroidia;Flavobacteriales;Flavobacteriaceae;Flavobacterium,Bacteria,Bacteroidota,Bacteroidia,Flavobacteriales,Flavobacteriaceae,Flavobacterium
Bacteria;Bacteroidota;Bacteroidia;Flavobacteriales;Weeksellaceae;Chryseobacterium,Bacteria,Bacteroidota,Bacteroidia,Flavobacteriales,Weeksellaceae,Chryseobacterium
Bacteria;Bacteroidota;Bacteroidia;Flavobacteriales;Weeksellaceae;Cloacibacterium,Bacteria,Bacteroidota,Bacteroidia,Flavobacteriales,Weeksellaceae,Cloacibacterium
Bacteria;Bacteroidota;Bacteroidia;Flavobacteriales;Weeksellaceae;Empedobacter,Bacteria,Bacteroidota,Bacteroidia,Flavobacteriales,Weeksellaceae,Empedobacter
Bacteria;Bacteroidota;Bacteroidia;Sphingobacteriales;Sphingobacteriaceae;Nubsella,Bacteria,Bacteroidota,Bacteroidia,Sphingobacteriales,Sphingobacteriaceae,Nubsella
Bacteria;Bacteroidota;Bacteroidia;Sphingobacteriales;Sphingobacteriaceae;Pedobacter,Bacteria,Bacteroidota,Bacteroidia,Sphingobacteriales,Sphingobacteriaceae,Pedobacter
Bacteria;Campilobacterota;Campylobacteria;Campylobacterales;Arcobacteraceae;Arcobacter,Bacteria,Campilobacterota,Campylobacteria,Campylobacterales,Arcobacteraceae,Arcobacter
Bacteria;Campilobacterota;Campylobacteria;Campylobacterales;Campylobacteraceae;Campylobacter,Bacteria,Campilobacterota,Campylobacteria,Campylobacterales,Campylobacteraceae,Campylobacter
Bacteria;Chloroflexi;Anaerolineae;Caldilineales;Caldilineaceae;Caldilinea,Bacteria,Chloroflexi,Anaerolineae,Caldilineales,Caldilineaceae,Caldilinea
Bacteria;Chloroflexi;Chloroflexia;Chloroflexales;Herpetosiphonaceae;Herpetosiphon,Bacteria,Chloroflexi,Chloroflexia,Chloroflexales,Herpetosiphonaceae,Herpetosiphon
Bacteria;Cyanobacteria;Cyanobacteriia;Chloroplast,Bacteria,Cyanobacteria,Cyanobacteriia,Chloroplast,,
Bacteria;Cyanobacteria;Cyanobacteriia;Cyanobacteriales,Bacteria,Cyanobacteria,Cyanobacteriia,Cyanobacteriales,,
Bacteria;Cyanobacteria;Cyanobacteriia;Cyanobacteriales;Coleofasciculaceae;Microcoleus PCC-7113,Bacteria,Cyanobacteria,Cyanobacteriia,Cyanobacteriales,Coleofasciculaceae,Microcoleus PCC-7113
Bacteria;Cyanobacteria;Cyanobacteriia;Cyanobacteriales;Phormidiaceae;Planktothrix NIVA-CYA 15,Bacteria,Cyanobacteria,Cyanobacteriia,Cyanobacteriales,Phormidiaceae,Planktothrix NIVA-CYA 15
Bacteria;Cyanobacteria;Vampirivibrionia;Gastranaerophilales,Bacteria,Cyanobacteria,Vampirivibrionia,Gastranaerophilales,,
Bacteria;Deinococcota;Deinococci;Thermales;Thermaceae;Meiothermus,Bacteria,Deinococcota,Deinococci,Thermales,Thermaceae,Meiothermus
Bacteria;Deinococcota;Deinococci;Thermales;Thermaceae;Thermus,Bacteria,Deinococcota,Deinococci,Thermales,Thermaceae,Thermus
Bacteria;Desulfobacterota;Desulfovibrionia;Desulfovibrionales;Desulfovibrionaceae;Bilophila,Bacteria,Desulfobacterota,Desulfovibrionia,Desulfovibrionales,Desulfovibrionaceae,Bilophila
Bacteria;Desulfobacterota;Desulfuromonadia;Bradymonadales,Bacteria,Desulfobacterota,Desulfuromonadia,Bradymonadales,,
Bacteria;Elusimicrobiota;Elusimicrobia;Elusimicrobiales;Elusimicrobiaceae;Elusimicrobium,Bacteria,Elusimicrobiota,Elusimicrobia,Elusimicrobiales,Elusimicrobiaceae,Elusimicrobium
Bacteria;Firmicutes,Bacteria,Firmicutes,,,,
Bacteria;Firmicutes;Bacilli,Bacteria,Firmicutes,Bacilli,,,
Bacteria;Firmicutes;Bacilli;Acholeplasmatales;Acholeplasmataceae;Anaeroplasma,Bacteria,Firmicutes,Bacilli,Acholeplasmatales,Acholeplasmataceae,Anaeroplasma
Bacteria;Firmicutes;Bacilli;Bacillales;Bacillaceae,Bacteria,Firmicutes,Bacilli,Bacillales,Bacillaceae,
Bacteria;Firmicutes;Bacilli;Bacillales;Bacillaceae;Anoxybacillus,Bacteria,Firmicutes,Bacilli,Bacillales,Bacillaceae,Anoxybacillus
Bacteria;Firmicutes;Bacilli;Bacillales;Bacillaceae;Bacillus,Bacteria,Firmicutes,Bacilli,Bacillales,Bacillaceae,Bacillus
Bacteria;Firmicutes;Bacilli;Bacillales;Marinococcaceae;Marinococcus,Bacteria,Firmicutes,Bacilli,Bacillales,Marinococcaceae,Marinococcus
Bacteria;Firmicutes;Bacilli;Bacillales;Planococcaceae;Planococcus,Bacteria,Firmicutes,Bacilli,Bacillales,Planococcaceae,Planococcus
Bacteria;Firmicutes;Bacilli;Bacillales;Planococcaceae;Planomicrobium,Bacteria,Firmicutes,Bacilli,Bacillales,Planococcaceae,Planomicrobium
Bacteria;Firmicutes;Bacilli;Bacillales;Planococcaceae;Rummeliibacillus,Bacteria,Firmicutes,Bacilli,Bacillales,Planococcaceae,Rummeliibacillus
Bacteria;Firmicutes;Bacilli;Erysipelotrichales;Erysipelatoclostridiaceae,Bacteria,Firmicutes,Bacilli,Erysipelotrichales,Erysipelatoclostridiaceae,
Bacteria;Firmicutes;Bacilli;Erysipelotrichales;Erysipelatoclostridiaceae;Asteroleplasma,Bacteria,Firmicutes,Bacilli,Erysipelotrichales,Erysipelatoclostridiaceae,Asteroleplasma
Bacteria;Firmicutes;Bacilli;Erysipelotrichales;Erysipelatoclostridiaceae;Catenibacterium,Bacteria,Firmicutes,Bacilli,Erysipelotrichales,Erysipelatoclostridiaceae,Catenibacterium
Bacteria;Firmicutes;Bacilli;Erysipelotrichales;Erysipelatoclostridiaceae;Erysipelatoclostridium,Bacteria,Firmicutes,Bacilli,Erysipelotrichales,Erysipelatoclostridiaceae,Erysipelatoclostridium
Bacteria;Firmicutes;Bacilli;Erysipelotrichales;Erysipelatoclostridiaceae;Erysipelotrichaceae UCG-003,Bacteria,Firmicutes,Bacilli,Erysipelotrichales,Erysipelatoclostridiaceae,Erysipelotrichaceae UCG-003
Bacteria;Firmicutes;Bacilli;Erysipelotrichales;Erysipelatoclostridiaceae;UCG-004,Bacteria,Firmicutes,Bacilli,Erysipelotrichales,Erysipelatoclostridiaceae,UCG-004
Bacteria;Firmicutes;Bacilli;Erysipelotrichales;Erysipelotrichaceae,Bacteria,Firmicutes,Bacilli,Erysipelotrichales,Erysipelotrichaceae,
Bacteria;Firmicutes;Bacilli;Erysipelotrichales;Erysipelotrichaceae;Bulleidia,Bacteria,Firmicutes,Bacilli,Erysipelotrichales,Erysipelotrichaceae,Bulleidia
Bacteria;Firmicutes;Bacilli;Erysipelotrichales;Erysipelotrichaceae;Erysipelotrichaceae UCG-006,Bacteria,Firmicutes,Bacilli,Erysipelotrichales,Erysipelotrichaceae,Erysipelotrichaceae UCG-006
Bacteria;Firmicutes;Bacilli;Erysipelotrichales;Erysipelotrichaceae;Erysipelotrichaceae UCG-008,Bacteria,Firmicutes,Bacilli,Erysipelotrichales,Erysipelotrichaceae,Erysipelotrichaceae UCG-008
Bacteria;Firmicutes;Bacilli;Erysipelotrichales;Erysipelotrichaceae;Holdemanella,Bacteria,Firmicutes,Bacilli,Erysipelotrichales,Erysipelotrichaceae,Holdemanella
Bacteria;Firmicutes;Bacilli;Erysipelotrichales;Erysipelotrichaceae;Solobacterium,Bacteria,Firmicutes,Bacilli,Erysipelotrichales,Erysipelotrichaceae,Solobacterium
Bacteria;Firmicutes;Bacilli;Erysipelotrichales;Erysipelotrichaceae;Turicibacter,Bacteria,Firmicutes,Bacilli,Erysipelotrichales,Erysipelotrichaceae,Turicibacter
Bacteria;Firmicutes;Bacilli;Exiguobacterales;Exiguobacteraceae;Exiguobacterium,Bacteria,Firmicutes,Bacilli,Exiguobacterales,Exiguobacteraceae,Exiguobacterium
Bacteria;Firmicutes;Bacilli;Lactobacillales,Bacteria,Firmicutes,Bacilli,Lactobacillales,,
Bacteria;Firmicutes;Bacilli;Lactobacillales;Aerococcaceae;Aerococcus,Bacteria,Firmicutes,Bacilli,Lactobacillales,Aerococcaceae,Aerococcus
Bacteria;Firmicutes;Bacilli;Lactobacillales;Aerococcaceae;Eremococcus,Bacteria,Firmicutes,Bacilli,Lactobacillales,Aerococcaceae,Eremococcus
Bacteria;Firmicutes;Bacilli;Lactobacillales;Aerococcaceae;Facklamia,Bacteria,Firmicutes,Bacilli,Lactobacillales,Aerococcaceae,Facklamia
Bacteria;Firmicutes;Bacilli;Lactobacillales;Aerococcaceae;Globicatella,Bacteria,Firmicutes,Bacilli,Lactobacillales,Aerococcaceae,Globicatella
Bacteria;Firmicutes;Bacilli;Lactobacillales;Carnobacteriaceae;Atopococcus,Bacteria,Firmicutes,Bacilli,Lactobacillales,Carnobacteriaceae,Atopococcus
Bacteria;Firmicutes;Bacilli;Lactobacillales;Carnobacteriaceae;Granulicatella,Bacteria,Firmicutes,Bacilli,Lactobacillales,Carnobacteriaceae,Granulicatella
Bacteria;Firmicutes;Bacilli;Lactobacillales;Catellicoccaceae;Catellicoccus,Bacteria,Firmicutes,Bacilli,Lactobacillales,Catellicoccaceae,Catellicoccus
Bacteria;Firmicutes;Bacilli;Lactobacillales;Enterococcaceae,Bacteria,Firmicutes,Bacilli,Lactobacillales,Enterococcaceae,
Bacteria;Firmicutes;Bacilli;Lactobacillales;Enterococcaceae;Enterococcus,Bacteria,Firmicutes,Bacilli,Lactobacillales,Enterococcaceae,Enterococcus
Bacteria;Firmicutes;Bacilli;Lactobacillales;Lactobacillaceae;Lactobacillus,Bacteria,Firmicutes,Bacilli,Lactobacillales,Lactobacillaceae,Lactobacillus
Bacteria;Firmicutes;Bacilli;Lactobacillales;Lactobacillaceae;Pediococcus,Bacteria,Firmicutes,Bacilli,Lactobacillales,Lactobacillaceae,Pediococcus
Bacteria;Firmicutes;Bacilli;Lactobacillales;Leuconostocaceae,Bacteria,Firmicutes,Bacilli,Lactobacillales,Leuconostocaceae,
Bacteria;Firmicutes;Bacilli;Lactobacillales;Leuconostocaceae;Leuconostoc,Bacteria,Firmicutes,Bacilli,Lactobacillales,Leuconostocaceae,Leuconostoc
Bacteria;Firmicutes;Bacilli;Lactobacillales;P5D1-392,Bacteria,Firmicutes,Bacilli,Lactobacillales,P5D1-392,
Bacteria;Firmicutes;Bacilli;Lactobacillales;Streptococcaceae,Bacteria,Firmicutes,Bacilli,Lactobacillales,Streptococcaceae,
Bacteria;Firmicutes;Bacilli;Lactobacillales;Streptococcaceae;Lactococcus,Bacteria,Firmicutes,Bacilli,Lactobacillales,Streptococcaceae,Lactococcus
Bacteria;Firmicutes;Bacilli;Lactobacillales;Streptococcaceae;Streptococcus,Bacteria,Firmicutes,Bacilli,Lactobacillales,Streptococcaceae,Streptococcus
Bacteria;Firmicutes;Bacilli;Mycoplasmatales;Mycoplasmataceae;Mycoplasma,Bacteria,Firmicutes,Bacilli,Mycoplasmatales,Mycoplasmataceae,Mycoplasma
Bacteria;Firmicutes;Bacilli;Mycoplasmatales;Mycoplasmataceae;Ureaplasma,Bacteria,Firmicutes,Bacilli,Mycoplasmatales,Mycoplasmataceae,Ureaplasma
Bacteria;Firmicutes;Bacilli;Paenibacillales;Paenibacillaceae;Ammoniibacillus,Bacteria,Firmicutes,Bacilli,Paenibacillales,Paenibacillaceae,Ammoniibacillus
Bacteria;Firmicutes;Bacilli;Paenibacillales;Paenibacillaceae;Paenibacillus,Bacteria,Firmicutes,Bacilli,Paenibacillales,Paenibacillaceae,Paenibacillus
Bacteria;Firmicutes;Bacilli;RF39,Bacteria,Firmicutes,Bacilli,RF39,,
Bacteria;Firmicutes;Bacilli;Staphylococcales;Gemellaceae;Gemella,Bacteria,Firmicutes,Bacilli,Staphylococcales,Gemellaceae,Gemella
Bacteria;Firmicutes;Bacilli;Staphylococcales;Staphylococcaceae;Jeotgalicoccus,Bacteria,Firmicutes,Bacilli,Staphylococcales,Staphylococcaceae,Jeotgalicoccus
Bacteria;Firmicutes;Bacilli;Staphylococcales;Staphylococcaceae;Nosocomiicoccus,Bacteria,Firmicutes,Bacilli,Staphylococcales,Staphylococcaceae,Nosocomiicoccus
Bacteria;Firmicutes;Bacilli;Staphylococcales;Staphylococcaceae;Staphylococcus,Bacteria,Firmicutes,Bacilli,Staphylococcales,Staphylococcaceae,Staphylococcus
Bacteria;Firmicutes;Clostridia,Bacteria,Firmicutes,Clostridia,,,
Bacteria;Firmicutes;Clostridia;Christensenellales;Christensenellaceae;Christensenellaceae R-7 group,Bacteria,Firmicutes,Clostridia,Christensenellales,Christensenellaceae,Christensenellaceae R-7 group
Bacteria;Firmicutes;Clostridia;Clostridia UCG-014,Bacteria,Firmicutes,Clostridia,Clostridia UCG-014,,
Bacteria;Firmicutes;Clostridia;Clostridia vadinBB60 group,Bacteria,Firmicutes,Clostridia,Clostridia vadinBB60 group,,
Bacteria;Firmicutes;Clostridia;Clostridiales;Clostridiaceae;Clostridium sensu stricto 1,Bacteria,Firmicutes,Clostridia,Clostridiales,Clostridiaceae,Clostridium sensu stricto 1
Bacteria;Firmicutes;Clostridia;Clostridiales;Clostridiaceae;Sarcina,Bacteria,Firmicutes,Clostridia,Clostridiales,Clostridiaceae,Sarcina
Bacteria;Firmicutes;Clostridia;Hungateiclostridiaceae;Fastidiosipila,Bacteria,Firmicutes,Clostridia,Hungateiclostridiaceae,Fastidiosipila,
Bacteria;Firmicutes;Clostridia;Hungateiclostridiaceae;Mageibacillus,Bacteria,Firmicutes,Clostridia,Hungateiclostridiaceae,Mageibacillus,
Bacteria;Firmicutes;Clostridia;Lachnospirales;Lachnospiraceae,Bacteria,Firmicutes,Clostridia,Lachnospirales,Lachnospiraceae,
Bacteria;Firmicutes;Clostridia;Lachnospirales;Lachnospiraceae;[Eubacterium] eligens group,Bacteria,Firmicutes,Clostridia,Lachnospirales,Lachnospiraceae,[Eubacterium] eligens group
Bacteria;Firmicutes;Clostridia;Lachnospirales;Lachnospiraceae;[Eubacterium] fissicatena group,Bacteria,Firmicutes,Clostridia,Lachnospirales,Lachnospiraceae,[Eubacterium] fissicatena group
Bacteria;Firmicutes;Clostridia;Lachnospirales;Lachnospiraceae;[Eubacterium] hallii group,Bacteria,Firmicutes,Clostridia,Lachnospirales,Lachnospiraceae,[Eubacterium] hallii group
Bacteria;Firmicutes;Clostridia;Lachnospirales;Lachnospiraceae;[Eubacterium] ruminantium group,Bacteria,Firmicutes,Clostridia,Lachnospirales,Lachnospiraceae,[Eubacterium] ruminantium group
Bacteria;Firmicutes;Clostridia;Lachnospirales;Lachnospiraceae;[Eubacterium] ventriosum group,Bacteria,Firmicutes,Clostridia,Lachnospirales,Lachnospiraceae,[Eubacterium] ventriosum group
Bacteria;Firmicutes;Clostridia;Lachnospirales;Lachnospiraceae;[Eubacterium] xylanophilum group,Bacteria,Firmicutes,Clostridia,Lachnospirales,Lachnospiraceae,[Eubacterium] xylanophilum group
Bacteria;Firmicutes;Clostridia;Lachnospirales;Lachnospiraceae;[Ruminococcus] gauvreauii group,Bacteria,Firmicutes,Clostridia,Lachnospirales,Lachnospiraceae,[Ruminococcus] gauvreauii group
Bacteria;Firmicutes;Clostridia;Lachnospirales;Lachnospiraceae;[Ruminococcus] torques group,Bacteria,Firmicutes,Clostridia,Lachnospirales,Lachnospiraceae,[Ruminococcus] torques group
Bacteria;Firmicutes;Clostridia;Lachnospirales;Lachnospiraceae;Agathobacter,Bacteria,Firmicutes,Clostridia,Lachnospirales,Lachnospiraceae,Agathobacter
Bacteria;Firmicutes;Clostridia;Lachnospirales;Lachnospiraceae;Anaerostipes,Bacteria,Firmicutes,Clostridia,Lachnospirales,Lachnospiraceae,Anaerostipes
Bacteria;Firmicutes;Clostridia;Lachnospirales;Lachnospiraceae;Blautia,Bacteria,Firmicutes,Clostridia,Lachnospirales,Lachnospiraceae,Blautia
Bacteria;Firmicutes;Clostridia;Lachnospirales;Lachnospiraceae;Catonella,Bacteria,Firmicutes,Clostridia,Lachnospirales,Lachnospiraceae,Catonella
Bacteria;Firmicutes;Clostridia;Lachnospirales;Lachnospiraceae;Coprococcus,Bacteria,Firmicutes,Clostridia,Lachnospirales,Lachnospiraceae,Coprococcus
Bacteria;Firmicutes;Clostridia;Lachnospirales;Lachnospiraceae;Dorea,Bacteria,Firmicutes,Clostridia,Lachnospirales,Lachnospiraceae,Dorea
Bacteria;Firmicutes;Clostridia;Lachnospirales;Lachnospiraceae;Fusicatenibacter,Bacteria,Firmicutes,Clostridia,Lachnospirales,Lachnospiraceae,Fusicatenibacter
Bacteria;Firmicutes;Clostridia;Lachnospirales;Lachnospiraceae;GCA-900066575,Bacteria,Firmicutes,Clostridia,Lachnospirales,Lachnospiraceae,GCA-900066575
Bacteria;Firmicutes;Clostridia;Lachnospirales;Lachnospiraceae;Howardella,Bacteria,Firmicutes,Clostridia,Lachnospirales,Lachnospiraceae,Howardella
Bacteria;Firmicutes;Clostridia;Lachnospirales;Lachnospiraceae;Johnsonella,Bacteria,Firmicutes,Clostridia,Lachnospirales,Lachnospiraceae,Johnsonella
Bacteria;Firmicutes;Clostridia;Lachnospirales;Lachnospiraceae;Lachnoclostridium,Bacteria,Firmicutes,Clostridia,Lachnospirales,Lachnospiraceae,Lachnoclostridium
Bacteria;Firmicutes;Clostridia;Lachnospirales;Lachnospiraceae;Lachnospira,Bacteria,Firmicutes,Clostridia,Lachnospirales,Lachnospiraceae,Lachnospira
Bacteria;Firmicutes;Clostridia;Lachnospirales;Lachnospiraceae;Lachnospiraceae AC2044 group,Bacteria,Firmicutes,Clostridia,Lachnospirales,Lachnospiraceae,Lachnospiraceae AC2044 group
Bacteria;Firmicutes;Clostridia;Lachnospirales;Lachnospiraceae;Lachnospiraceae FCS020 group,Bacteria,Firmicutes,Clostridia,Lachnospirales,Lachnospiraceae,Lachnospiraceae FCS020 group
Bacteria;Firmicutes;Clostridia;Lachnospirales;Lachnospiraceae;Lachnospiraceae FE2018 group,Bacteria,Firmicutes,Clostridia,Lachnospirales,Lachnospiraceae,Lachnospiraceae FE2018 group
Bacteria;Firmicutes;Clostridia;Lachnospirales;Lachnospiraceae;Lachnospiraceae ND3007 group,Bacteria,Firmicutes,Clostridia,Lachnospirales,Lachnospiraceae,Lachnospiraceae ND3007 group
Bacteria;Firmicutes;Clostridia;Lachnospirales;Lachnospiraceae;Lachnospiraceae NK4A136 group,Bacteria,Firmicutes,Clostridia,Lachnospirales,Lachnospiraceae,Lachnospiraceae NK4A136 group
Bacteria;Firmicutes;Clostridia;Lachnospirales;Lachnospiraceae;Lachnospiraceae UCG-001,Bacteria,Firmicutes,Clostridia,Lachnospirales,Lachnospiraceae,Lachnospiraceae UCG-001
Bacteria;Firmicutes;Clostridia;Lachnospirales;Lachnospiraceae;Lachnospiraceae UCG-003,Bacteria,Firmicutes,Clostridia,Lachnospirales,Lachnospiraceae,Lachnospiraceae UCG-003
Bacteria;Firmicutes;Clostridia;Lachnospirales;Lachnospiraceae;Lachnospiraceae UCG-004,Bacteria,Firmicutes,Clostridia,Lachnospirales,Lachnospiraceae,Lachnospiraceae UCG-004
Bacteria;Firmicutes;Clostridia;Lachnospirales;Lachnospiraceae;Lachnospiraceae UCG-008,Bacteria,Firmicutes,Clostridia,Lachnospirales,Lachnospiraceae,Lachnospiraceae UCG-008
Bacteria;Firmicutes;Clostridia;Lachnospirales;Lachnospiraceae;Lachnospiraceae UCG-010,Bacteria,Firmicutes,Clostridia,Lachnospirales,Lachnospiraceae,Lachnospiraceae UCG-010
Bacteria;Firmicutes;Clostridia;Lachnospirales;Lachnospiraceae;Marvinbryantia,Bacteria,Firmicutes,Clostridia,Lachnospirales,Lachnospiraceae,Marvinbryantia
Bacteria;Firmicutes;Clostridia;Lachnospirales;Lachnospiraceae;Moryella,Bacteria,Firmicutes,Clostridia,Lachnospirales,Lachnospiraceae,Moryella
Bacteria;Firmicutes;Clostridia;Lachnospirales;Lachnospiraceae;Oribacterium,Bacteria,Firmicutes,Clostridia,Lachnospirales,Lachnospiraceae,Oribacterium
Bacteria;Firmicutes;Clostridia;Lachnospirales;Lachnospiraceae;Roseburia,Bacteria,Firmicutes,Clostridia,Lachnospirales,Lachnospiraceae,Roseburia
Bacteria;Firmicutes;Clostridia;Lachnospirales;Lachnospiraceae;Shuttleworthia,Bacteria,Firmicutes,Clostridia,Lachnospirales,Lachnospiraceae,Shuttleworthia
Bacteria;Firmicutes;Clostridia;Lachnospirales;Lachnospiraceae;Tuzzerella,Bacteria,Firmicutes,Clostridia,Lachnospirales,Lachnospiraceae,Tuzzerella
Bacteria;Firmicutes;Clostridia;Lachnospirales;Lachnospiraceae;Tyzzerella,Bacteria,Firmicutes,Clostridia,Lachnospirales,Lachnospiraceae,Tyzzerella
Bacteria;Firmicutes;Clostridia;Monoglobales;Monoglobaceae;Monoglobus,Bacteria,Firmicutes,Clostridia,Monoglobales,Monoglobaceae,Monoglobus
Bacteria;Firmicutes;Clostridia;Oscillospirales;[Eubacterium] coprostanoligenes group,Bacteria,Firmicutes,Clostridia,Oscillospirales,[Eubacterium] coprostanoligenes group,
Bacteria;Firmicutes;Clostridia;Oscillospirales;Butyricicoccaceae;Butyricicoccus,Bacteria,Firmicutes,Clostridia,Oscillospirales,Butyricicoccaceae,Butyricicoccus
Bacteria;Firmicutes;Clostridia;Oscillospirales;Butyricicoccaceae;UCG-008,Bacteria,Firmicutes,Clostridia,Oscillospirales,Butyricicoccaceae,UCG-008
Bacteria;Firmicutes;Clostridia;Oscillospirales;Oscillospiraceae,Bacteria,Firmicutes,Clostridia,Oscillospirales,Oscillospiraceae,
Bacteria;Firmicutes;Clostridia;Oscillospirales;Oscillospiraceae;Colidextribacter,Bacteria,Firmicutes,Clostridia,Oscillospirales,Oscillospiraceae,Colidextribacter
Bacteria;Firmicutes;Clostridia;Oscillospirales;Oscillospiraceae;Intestinimonas,Bacteria,Firmicutes,Clostridia,Oscillospirales,Oscillospiraceae,Intestinimonas
Bacteria;Firmicutes;Clostridia;Oscillospirales;Oscillospiraceae;NK4A214 group,Bacteria,Firmicutes,Clostridia,Oscillospirales,Oscillospiraceae,NK4A214 group
Bacteria;Firmicutes;Clostridia;Oscillospirales;Oscillospiraceae;Oscillibacter,Bacteria,Firmicutes,Clostridia,Oscillospirales,Oscillospiraceae,Oscillibacter
Bacteria;Firmicutes;Clostridia;Oscillospirales;Oscillospiraceae;UCG-002,Bacteria,Firmicutes,Clostridia,Oscillospirales,Oscillospiraceae,UCG-002
Bacteria;Firmicutes;Clostridia;Oscillospirales;Oscillospiraceae;UCG-003,Bacteria,Firmicutes,Clostridia,Oscillospirales,Oscillospiraceae,UCG-003
Bacteria;Firmicutes;Clostridia;Oscillospirales;Oscillospiraceae;UCG-005,Bacteria,Firmicutes,Clostridia,Oscillospirales,Oscillospiraceae,UCG-005
Bacteria;Firmicutes;Clostridia;Oscillospirales;Oscillospiraceae;UCG-007,Bacteria,Firmicutes,Clostridia,Oscillospirales,Oscillospiraceae,UCG-007
Bacteria;Firmicutes;Clostridia;Oscillospirales;Ruminococcaceae,Bacteria,Firmicutes,Clostridia,Oscillospirales,Ruminococcaceae,
Bacteria;Firmicutes;Clostridia;Oscillospirales;Ruminococcaceae;[Eubacterium] siraeum group,Bacteria,Firmicutes,Clostridia,Oscillospirales,Ruminococcaceae,[Eubacterium] siraeum group
Bacteria;Firmicutes;Clostridia;Oscillospirales;Ruminococcaceae;CAG-352,Bacteria,Firmicutes,Clostridia,Oscillospirales,Ruminococcaceae,CAG-352
Bacteria;Firmicutes;Clostridia;Oscillospirales;Ruminococcaceae;Faecalibacterium,Bacteria,Firmicutes,Clostridia,Oscillospirales,Ruminococcaceae,Faecalibacterium
Bacteria;Firmicutes;Clostridia;Oscillospirales;Ruminococcaceae;Fournierella,Bacteria,Firmicutes,Clostridia,Oscillospirales,Ruminococcaceae,Fournierella
Bacteria;Firmicutes;Clostridia;Oscillospirales;Ruminococcaceae;Incertae Sedis,Bacteria,Firmicutes,Clostridia,Oscillospirales,Ruminococcaceae,Incertae Sedis
Bacteria;Firmicutes;Clostridia;Oscillospirales;Ruminococcaceae;Ruminococcus,Bacteria,Firmicutes,Clostridia,Oscillospirales,Ruminococcaceae,Ruminococcus
Bacteria;Firmicutes;Clostridia;Oscillospirales;Ruminococcaceae;Subdoligranulum,Bacteria,Firmicutes,Clostridia,Oscillospirales,Ruminococcaceae,Subdoligranulum
Bacteria;Firmicutes;Clostridia;Oscillospirales;Ruminococcaceae;UBA1819,Bacteria,Firmicutes,Clostridia,Oscillospirales,Ruminococcaceae,UBA1819
Bacteria;Firmicutes;Clostridia;Oscillospirales;UCG-010,Bacteria,Firmicutes,Clostridia,Oscillospirales,UCG-010,
Bacteria;Firmicutes;Clostridia;Peptococcales;Peptococcaceae,Bacteria,Firmicutes,Clostridia,Peptococcales,Peptococcaceae,
Bacteria;Firmicutes;Clostridia;Peptococcales;Peptococcaceae;Peptococcus,Bacteria,Firmicutes,Clostridia,Peptococcales,Peptococcaceae,Peptococcus
Bacteria;Firmicutes;Clostridia;Peptostreptococcales-Tissierellales,Bacteria,Firmicutes,Clostridia,Peptostreptococcales-Tissierellales,,
Bacteria;Firmicutes;Clostridia;Peptostreptococcales-Tissierellales;Anaerococcus,Bacteria,Firmicutes,Clostridia,Peptostreptococcales-Tissierellales,Anaerococcus,
Bacteria;Firmicutes;Clostridia;Peptostreptococcales-Tissierellales;Anaerovoracaceae,Bacteria,Firmicutes,Clostridia,Peptostreptococcales-Tissierellales,Anaerovoracaceae,
Bacteria;Firmicutes;Clostridia;Peptostreptococcales-Tissierellales;Anaerovoracaceae;[Eubacterium] nodatum group,Bacteria,Firmicutes,Clostridia,Peptostreptococcales-Tissierellales,Anaerovoracaceae,[Eubacterium] nodatum group
Bacteria;Firmicutes;Clostridia;Peptostreptococcales-Tissierellales;Anaerovoracaceae;Family XIII AD3011 group,Bacteria,Firmicutes,Clostridia,Peptostreptococcales-Tissierellales,Anaerovoracaceae,Family XIII AD3011 group
Bacteria;Firmicutes;Clostridia;Peptostreptococcales-Tissierellales;Anaerovoracaceae;Family XIII UCG-001,Bacteria,Firmicutes,Clostridia,Peptostreptococcales-Tissierellales,Anaerovoracaceae,Family XIII UCG-001
Bacteria;Firmicutes;Clostridia;Peptostreptococcales-Tissierellales;Anaerovoracaceae;Mogibacterium,Bacteria,Firmicutes,Clostridia,Peptostreptococcales-Tissierellales,Anaerovoracaceae,Mogibacterium
Bacteria;Firmicutes;Clostridia;Peptostreptococcales-Tissierellales;Anaerovoracaceae;S5-A14a,Bacteria,Firmicutes,Clostridia,Peptostreptococcales-Tissierellales,Anaerovoracaceae,S5-A14a
Bacteria;Firmicutes;Clostridia;Peptostreptococcales-Tissierellales;Ezakiella,Bacteria,Firmicutes,Clostridia,Peptostreptococcales-Tissierellales,Ezakiella,
Bacteria;Firmicutes;Clostridia;Peptostreptococcales-Tissierellales;Fenollaria,Bacteria,Firmicutes,Clostridia,Peptostreptococcales-Tissierellales,Fenollaria,
Bacteria;Firmicutes;Clostridia;Peptostreptococcales-Tissierellales;Finegoldia,Bacteria,Firmicutes,Clostridia,Peptostreptococcales-Tissierellales,Finegoldia,
Bacteria;Firmicutes;Clostridia;Peptostreptococcales-Tissierellales;Gallicola,Bacteria,Firmicutes,Clostridia,Peptostreptococcales-Tissierellales,Gallicola,
Bacteria;Firmicutes;Clostridia;Peptostreptococcales-Tissierellales;Helcococcus,Bacteria,Firmicutes,Clostridia,Peptostreptococcales-Tissierellales,Helcococcus,
Bacteria;Firmicutes;Clostridia;Peptostreptococcales-Tissierellales;Murdochiella,Bacteria,Firmicutes,Clostridia,Peptostreptococcales-Tissierellales,Murdochiella,
Bacteria;Firmicutes;Clostridia;Peptostreptococcales-Tissierellales;Parvimonas,Bacteria,Firmicutes,Clostridia,Peptostreptococcales-Tissierellales,Parvimonas,
Bacteria;Firmicutes;Clostridia;Peptostreptococcales-Tissierellales;Peptoniphilus,Bacteria,Firmicutes,Clostridia,Peptostreptococcales-Tissierellales,Peptoniphilus,
Bacteria;Firmicutes;Clostridia;Peptostreptococcales-Tissierellales;Peptostreptococcaceae,Bacteria,Firmicutes,Clostridia,Peptostreptococcales-Tissierellales,Peptostreptococcaceae,
Bacteria;Firmicutes;Clostridia;Peptostreptococcales-Tissierellales;Peptostreptococcaceae;Criibacterium,Bacteria,Firmicutes,Clostridia,Peptostreptococcales-Tissierellales,Peptostreptococcaceae,Criibacterium
Bacteria;Firmicutes;Clostridia;Peptostreptococcales-Tissierellales;Peptostreptococcaceae;Intestinibacter,Bacteria,Firmicutes,Clostridia,Peptostreptococcales-Tissierellales,Peptostreptococcaceae,Intestinibacter
Bacteria;Firmicutes;Clostridia;Peptostreptococcales-Tissierellales;Peptostreptococcaceae;Peptostreptococcus,Bacteria,Firmicutes,Clostridia,Peptostreptococcales-Tissierellales,Peptostreptococcaceae,Peptostreptococcus
Bacteria;Firmicutes;Clostridia;Peptostreptococcales-Tissierellales;Peptostreptococcaceae;Romboutsia,Bacteria,Firmicutes,Clostridia,Peptostreptococcales-Tissierellales,Peptostreptococcaceae,Romboutsia
Bacteria;Firmicutes;Clostridia;Peptostreptococcales-Tissierellales;Peptostreptococcaceae;Terrisporobacter,Bacteria,Firmicutes,Clostridia,Peptostreptococcales-Tissierellales,Peptostreptococcaceae,Terrisporobacter
Bacteria;Firmicutes;Clostridia;Peptostreptococcales-Tissierellales;W5053,Bacteria,Firmicutes,Clostridia,Peptostreptococcales-Tissierellales,W5053,
Bacteria;Firmicutes;Negativicutes;Acidaminococcales;Acidaminococcaceae;Phascolarctobacterium,Bacteria,Firmicutes,Negativicutes,Acidaminococcales,Acidaminococcaceae,Phascolarctobacterium
Bacteria;Firmicutes;Negativicutes;Acidaminococcales;Acidaminococcaceae;Succiniclasticum,Bacteria,Firmicutes,Negativicutes,Acidaminococcales,Acidaminococcaceae,Succiniclasticum
Bacteria;Firmicutes;Negativicutes;Veillonellales-Selenomonadales;Selenomonadaceae,Bacteria,Firmicutes,Negativicutes,Veillonellales-Selenomonadales,Selenomonadaceae,
Bacteria;Firmicutes;Negativicutes;Veillonellales-Selenomonadales;Selenomonadaceae;Anaerovibrio,Bacteria,Firmicutes,Negativicutes,Veillonellales-Selenomonadales,Selenomonadaceae,Anaerovibrio
Bacteria;Firmicutes;Negativicutes;Veillonellales-Selenomonadales;Selenomonadaceae;Mitsuokella,Bacteria,Firmicutes,Negativicutes,Veillonellales-Selenomonadales,Selenomonadaceae,Mitsuokella
Bacteria;Firmicutes;Negativicutes;Veillonellales-Selenomonadales;Selenomonadaceae;Selenomonas,Bacteria,Firmicutes,Negativicutes,Veillonellales-Selenomonadales,Selenomonadaceae,Selenomonas
Bacteria;Firmicutes;Negativicutes;Veillonellales-Selenomonadales;Veillonellaceae,Bacteria,Firmicutes,Negativicutes,Veillonellales-Selenomonadales,Veillonellaceae,
Bacteria;Firmicutes;Negativicutes;Veillonellales-Selenomonadales;Veillonellaceae;Anaeroglobus,Bacteria,Firmicutes,Negativicutes,Veillonellales-Selenomonadales,Veillonellaceae,Anaeroglobus
Bacteria;Firmicutes;Negativicutes;Veillonellales-Selenomonadales;Veillonellaceae;Dialister,Bacteria,Firmicutes,Negativicutes,Veillonellales-Selenomonadales,Veillonellaceae,Dialister
Bacteria;Firmicutes;Negativicutes;Veillonellales-Selenomonadales;Veillonellaceae;Megasphaera,Bacteria,Firmicutes,Negativicutes,Veillonellales-Selenomonadales,Veillonellaceae,Megasphaera
Bacteria;Firmicutes;Negativicutes;Veillonellales-Selenomonadales;Veillonellaceae;Negativicoccus,Bacteria,Firmicutes,Negativicutes,Veillonellales-Selenomonadales,Veillonellaceae,Negativicoccus
Bacteria;Firmicutes;Negativicutes;Veillonellales-Selenomonadales;Veillonellaceae;Veillonella,Bacteria,Firmicutes,Negativicutes,Veillonellales-Selenomonadales,Veillonellaceae,Veillonella
Bacteria;Firmicutes;Symbiobacteriia;Symbiobacteriales;Caldinitratiruptor,Bacteria,Firmicutes,Symbiobacteriia,Symbiobacteriales,Caldinitratiruptor,
Bacteria;Fusobacteriota;Fusobacteriia;Fusobacteriales,Bacteria,Fusobacteriota,Fusobacteriia,Fusobacteriales,,
Bacteria;Fusobacteriota;Fusobacteriia;Fusobacteriales;Fusobacteriaceae,Bacteria,Fusobacteriota,Fusobacteriia,Fusobacteriales,Fusobacteriaceae,
Bacteria;Fusobacteriota;Fusobacteriia;Fusobacteriales;Fusobacteriaceae;Fusobacterium,Bacteria,Fusobacteriota,Fusobacteriia,Fusobacteriales,Fusobacteriaceae,Fusobacterium
Bacteria;Fusobacteriota;Fusobacteriia;Fusobacteriales;Leptotrichiaceae;Leptotrichia,Bacteria,Fusobacteriota,Fusobacteriia,Fusobacteriales,Leptotrichiaceae,Leptotrichia
Bacteria;Fusobacteriota;Fusobacteriia;Fusobacteriales;Leptotrichiaceae;Sneathia,Bacteria,Fusobacteriota,Fusobacteriia,Fusobacteriales,Leptotrichiaceae,Sneathia
Bacteria;Gemmatimonadota;Gemmatimonadetes;Gemmatimonadales;Gemmatimonadaceae;Roseisolibacter,Bacteria,Gemmatimonadota,Gemmatimonadetes,Gemmatimonadales,Gemmatimonadaceae,Roseisolibacter
Bacteria;Gemmatimonadota;Longimicrobia;Longimicrobiales;Longimicrobiaceae;YC-ZSS-LKJ147,Bacteria,Gemmatimonadota,Longimicrobia,Longimicrobiales,Longimicrobiaceae,YC-ZSS-LKJ147
Bacteria;Myxococcota;Myxococcia;Myxococcales;Myxococcaceae,Bacteria,Myxococcota,Myxococcia,Myxococcales,Myxococcaceae,
Bacteria;Patescibacteria;Gracilibacteria;Absconditabacteriales (SR1),Bacteria,Patescibacteria,Gracilibacteria,Absconditabacteriales (SR1),,
Bacteria;Patescibacteria;Saccharimonadia;Saccharimonadales,Bacteria,Patescibacteria,Saccharimonadia,Saccharimonadales,,
Bacteria;Patescibacteria;Saccharimonadia;Saccharimonadales;Saccharimonadaceae,Bacteria,Patescibacteria,Saccharimonadia,Saccharimonadales,Saccharimonadaceae,
Bacteria;Patescibacteria;Saccharimonadia;Saccharimonadales;Saccharimonadaceae;Candidatus Saccharimonas,Bacteria,Patescibacteria,Saccharimonadia,Saccharimonadales,Saccharimonadaceae,Candidatus Saccharimonas
Bacteria;Proteobacteria,Bacteria,Proteobacteria,,,,
Bacteria;Proteobacteria;Alphaproteobacteria,Bacteria,Proteobacteria,Alphaproteobacteria,,,
Bacteria;Proteobacteria;Alphaproteobacteria;Acetobacterales;Acetobacteraceae;Roseomonas,Bacteria,Proteobacteria,Alphaproteobacteria,Acetobacterales,Acetobacteraceae,Roseomonas
Bacteria;Proteobacteria;Alphaproteobacteria;Azospirillales;Azospirillaceae;Niveispirillum,Bacteria,Proteobacteria,Alphaproteobacteria,Azospirillales,Azospirillaceae,Niveispirillum
Bacteria;Proteobacteria;Alphaproteobacteria;Caulobacterales;Caulobacteraceae;Brevundimonas,Bacteria,Proteobacteria,Alphaproteobacteria,Caulobacterales,Caulobacteraceae,Brevundimonas
Bacteria;Proteobacteria;Alphaproteobacteria;Caulobacterales;Caulobacteraceae;Phenylobacterium,Bacteria,Proteobacteria,Alphaproteobacteria,Caulobacterales,Caulobacteraceae,Phenylobacterium
Bacteria;Proteobacteria;Alphaproteobacteria;Rhizobiales;Beijerinckiaceae,Bacteria,Proteobacteria,Alphaproteobacteria,Rhizobiales,Beijerinckiaceae,
Bacteria;Proteobacteria;Alphaproteobacteria;Rhizobiales;Beijerinckiaceae;Bosea,Bacteria,Proteobacteria,Alphaproteobacteria,Rhizobiales,Beijerinckiaceae,Bosea
Bacteria;Proteobacteria;Alphaproteobacteria;Rhizobiales;Beijerinckiaceae;Pseudochelatococcus,Bacteria,Proteobacteria,Alphaproteobacteria,Rhizobiales,Beijerinckiaceae,Pseudochelatococcus
Bacteria;Proteobacteria;Alphaproteobacteria;Rhizobiales;Rhizobiaceae;Aliihoeflea,Bacteria,Proteobacteria,Alphaproteobacteria,Rhizobiales,Rhizobiaceae,Aliihoeflea
Bacteria;Proteobacteria;Alphaproteobacteria;Rhizobiales;Rhizobiaceae;Allorhizobium-Neorhizobium-Pararhizobium-Rhizobium,Bacteria,Proteobacteria,Alphaproteobacteria,Rhizobiales,Rhizobiaceae,Allorhizobium-Neorhizobium-Pararhizobium-Rhizobium
Bacteria;Proteobacteria;Alphaproteobacteria;Rhizobiales;Rhizobiaceae;Brucella,Bacteria,Proteobacteria,Alphaproteobacteria,Rhizobiales,Rhizobiaceae,Brucella
Bacteria;Proteobacteria;Alphaproteobacteria;Rhizobiales;Rhizobiaceae;Ochrobactrum,Bacteria,Proteobacteria,Alphaproteobacteria,Rhizobiales,Rhizobiaceae,Ochrobactrum
Bacteria;Proteobacteria;Alphaproteobacteria;Rhizobiales;Xanthobacteraceae,Bacteria,Proteobacteria,Alphaproteobacteria,Rhizobiales,Xanthobacteraceae,
Bacteria;Proteobacteria;Alphaproteobacteria;Rhizobiales;Xanthobacteraceae;Afipia,Bacteria,Proteobacteria,Alphaproteobacteria,Rhizobiales,Xanthobacteraceae,Afipia
Bacteria;Proteobacteria;Alphaproteobacteria;Rhizobiales;Xanthobacteraceae;Rhodopseudomonas,Bacteria,Proteobacteria,Alphaproteobacteria,Rhizobiales,Xanthobacteraceae,Rhodopseudomonas
Bacteria;Proteobacteria;Alphaproteobacteria;Rhodobacterales;Rhodobacteraceae,Bacteria,Proteobacteria,Alphaproteobacteria,Rhodobacterales,Rhodobacteraceae,
Bacteria;Proteobacteria;Alphaproteobacteria;Rhodobacterales;Rhodobacteraceae;Haematobacter,Bacteria,Proteobacteria,Alphaproteobacteria,Rhodobacterales,Rhodobacteraceae,Haematobacter
Bacteria;Proteobacteria;Alphaproteobacteria;Rhodobacterales;Rhodobacteraceae;Paenirhodobacter,Bacteria,Proteobacteria,Alphaproteobacteria,Rhodobacterales,Rhodobacteraceae,Paenirhodobacter
Bacteria;Proteobacteria;Alphaproteobacteria;Rhodobacterales;Rhodobacteraceae;Paracoccus,Bacteria,Proteobacteria,Alphaproteobacteria,Rhodobacterales,Rhodobacteraceae,Paracoccus
Bacteria;Proteobacteria;Alphaproteobacteria;Rhodospirillales,Bacteria,Proteobacteria,Alphaproteobacteria,Rhodospirillales,,
Bacteria;Proteobacteria;Alphaproteobacteria;Rhodospirillales;Rhodospirillaceae;Caenispirillum,Bacteria,Proteobacteria,Alphaproteobacteria,Rhodospirillales,Rhodospirillaceae,Caenispirillum
Bacteria;Proteobacteria;Alphaproteobacteria;Rickettsiales,Bacteria,Proteobacteria,Alphaproteobacteria,Rickettsiales,,
Bacteria;Proteobacteria;Alphaproteobacteria;Rickettsiales;Mitochondria,Bacteria,Proteobacteria,Alphaproteobacteria,Rickettsiales,Mitochondria,
Bacteria;Proteobacteria;Alphaproteobacteria;Sphingomonadales;Sphingomonadaceae,Bacteria,Proteobacteria,Alphaproteobacteria,Sphingomonadales,Sphingomonadaceae,
Bacteria;Proteobacteria;Alphaproteobacteria;Sphingomonadales;Sphingomonadaceae;MN 122.2a,Bacteria,Proteobacteria,Alphaproteobacteria,Sphingomonadales,Sphingomonadaceae,MN 122.2a
Bacteria;Proteobacteria;Alphaproteobacteria;Sphingomonadales;Sphingomonadaceae;Novosphingobium,Bacteria,Proteobacteria,Alphaproteobacteria,Sphingomonadales,Sphingomonadaceae,Novosphingobium
Bacteria;Proteobacteria;Alphaproteobacteria;Sphingomonadales;Sphingomonadaceae;Porphyrobacter,Bacteria,Proteobacteria,Alphaproteobacteria,Sphingomonadales,Sphingomonadaceae,Porphyrobacter
Bacteria;Proteobacteria;Alphaproteobacteria;Sphingomonadales;Sphingomonadaceae;Qipengyuania,Bacteria,Proteobacteria,Alphaproteobacteria,Sphingomonadales,Sphingomonadaceae,Qipengyuania
Bacteria;Proteobacteria;Alphaproteobacteria;Sphingomonadales;Sphingomonadaceae;Sphingobium,Bacteria,Proteobacteria,Alphaproteobacteria,Sphingomonadales,Sphingomonadaceae,Sphingobium
Bacteria;Proteobacteria;Alphaproteobacteria;Sphingomonadales;Sphingomonadaceae;Sphingomonas,Bacteria,Proteobacteria,Alphaproteobacteria,Sphingomonadales,Sphingomonadaceae,Sphingomonas
Bacteria;Proteobacteria;Gammaproteobacteria,Bacteria,Proteobacteria,Gammaproteobacteria,,,
Bacteria;Proteobacteria;Gammaproteobacteria;Aeromonadales;Aeromonadaceae;Aeromonas,Bacteria,Proteobacteria,Gammaproteobacteria,Aeromonadales,Aeromonadaceae,Aeromonas
Bacteria;Proteobacteria;Gammaproteobacteria;Aeromonadales;Succinivibrionaceae;Ruminobacter,Bacteria,Proteobacteria,Gammaproteobacteria,Aeromonadales,Succinivibrionaceae,Ruminobacter
Bacteria;Proteobacteria;Gammaproteobacteria;Aeromonadales;Succinivibrionaceae;Succinivibrio,Bacteria,Proteobacteria,Gammaproteobacteria,Aeromonadales,Succinivibrionaceae,Succinivibrio
Bacteria;Proteobacteria;Gammaproteobacteria;Alteromonadales;Alteromonadaceae;Alishewanella,Bacteria,Proteobacteria,Gammaproteobacteria,Alteromonadales,Alteromonadaceae,Alishewanella
Bacteria;Proteobacteria;Gammaproteobacteria;Alteromonadales;Alteromonadaceae;Rheinheimera,Bacteria,Proteobacteria,Gammaproteobacteria,Alteromonadales,Alteromonadaceae,Rheinheimera
Bacteria;Proteobacteria;Gammaproteobacteria;Burkholderiales;Alcaligenaceae;Achromobacter,Bacteria,Proteobacteria,Gammaproteobacteria,Burkholderiales,Alcaligenaceae,Achromobacter
Bacteria;Proteobacteria;Gammaproteobacteria;Burkholderiales;Burkholderiaceae;Burkholderia-Caballeronia-Paraburkholderia,Bacteria,Proteobacteria,Gammaproteobacteria,Burkholderiales,Burkholderiaceae,Burkholderia-Caballeronia-Paraburkholderia
Bacteria;Proteobacteria;Gammaproteobacteria;Burkholderiales;Burkholderiaceae;Limnobacter,Bacteria,Proteobacteria,Gammaproteobacteria,Burkholderiales,Burkholderiaceae,Limnobacter
Bacteria;Proteobacteria;Gammaproteobacteria;Burkholderiales;Chromobacteriaceae;Vogesella,Bacteria,Proteobacteria,Gammaproteobacteria,Burkholderiales,Chromobacteriaceae,Vogesella
Bacteria;Proteobacteria;Gammaproteobacteria;Burkholderiales;Comamonadaceae;Acidovorax,Bacteria,Proteobacteria,Gammaproteobacteria,Burkholderiales,Comamonadaceae,Acidovorax
Bacteria;Proteobacteria;Gammaproteobacteria;Burkholderiales;Comamonadaceae;Comamonas,Bacteria,Proteobacteria,Gammaproteobacteria,Burkholderiales,Comamonadaceae,Comamonas
Bacteria;Proteobacteria;Gammaproteobacteria;Burkholderiales;Comamonadaceae;Delftia,Bacteria,Proteobacteria,Gammaproteobacteria,Burkholderiales,Comamonadaceae,Delftia
Bacteria;Proteobacteria;Gammaproteobacteria;Burkholderiales;Comamonadaceae;Hydrogenophaga,Bacteria,Proteobacteria,Gammaproteobacteria,Burkholderiales,Comamonadaceae,Hydrogenophaga
Bacteria;Proteobacteria;Gammaproteobacteria;Burkholderiales;Comamonadaceae;Limnohabitans,Bacteria,Proteobacteria,Gammaproteobacteria,Burkholderiales,Comamonadaceae,Limnohabitans
Bacteria;Proteobacteria;Gammaproteobacteria;Burkholderiales;Comamonadaceae;Ottowia,Bacteria,Proteobacteria,Gammaproteobacteria,Burkholderiales,Comamonadaceae,Ottowia
Bacteria;Proteobacteria;Gammaproteobacteria;Burkholderiales;Comamonadaceae;Tepidicella,Bacteria,Proteobacteria,Gammaproteobacteria,Burkholderiales,Comamonadaceae,Tepidicella
Bacteria;Proteobacteria;Gammaproteobacteria;Burkholderiales;Comamonadaceae;Tepidimonas,Bacteria,Proteobacteria,Gammaproteobacteria,Burkholderiales,Comamonadaceae,Tepidimonas
Bacteria;Proteobacteria;Gammaproteobacteria;Burkholderiales;Hydrogenophilaceae,Bacteria,Proteobacteria,Gammaproteobacteria,Burkholderiales,Hydrogenophilaceae,
Bacteria;Proteobacteria;Gammaproteobacteria;Burkholderiales;Hydrogenophilaceae;Hydrogenophilus,Bacteria,Proteobacteria,Gammaproteobacteria,Burkholderiales,Hydrogenophilaceae,Hydrogenophilus
Bacteria;Proteobacteria;Gammaproteobacteria;Burkholderiales;Methylophilaceae;Methylobacillus,Bacteria,Proteobacteria,Gammaproteobacteria,Burkholderiales,Methylophilaceae,Methylobacillus
Bacteria;Proteobacteria;Gammaproteobacteria;Burkholderiales;Methylophilaceae;Methylophilus,Bacteria,Proteobacteria,Gammaproteobacteria,Burkholderiales,Methylophilaceae,Methylophilus
Bacteria;Proteobacteria;Gammaproteobacteria;Burkholderiales;Methylophilaceae;MM2,Bacteria,Proteobacteria,Gammaproteobacteria,Burkholderiales,Methylophilaceae,MM2
Bacteria;Proteobacteria;Gammaproteobacteria;Burkholderiales;Neisseriaceae,Bacteria,Proteobacteria,Gammaproteobacteria,Burkholderiales,Neisseriaceae,
Bacteria;Proteobacteria;Gammaproteobacteria;Burkholderiales;Neisseriaceae;Neisseria,Bacteria,Proteobacteria,Gammaproteobacteria,Burkholderiales,Neisseriaceae,Neisseria
Bacteria;Proteobacteria;Gammaproteobacteria;Burkholderiales;Oxalobacteraceae;Massilia,Bacteria,Proteobacteria,Gammaproteobacteria,Burkholderiales,Oxalobacteraceae,Massilia
Bacteria;Proteobacteria;Gammaproteobacteria;Burkholderiales;Oxalobacteraceae;Oxalicibacterium,Bacteria,Proteobacteria,Gammaproteobacteria,Burkholderiales,Oxalobacteraceae,Oxalicibacterium
Bacteria;Proteobacteria;Gammaproteobacteria;Burkholderiales;Oxalobacteraceae;Oxalobacter,Bacteria,Proteobacteria,Gammaproteobacteria,Burkholderiales,Oxalobacteraceae,Oxalobacter
Bacteria;Proteobacteria;Gammaproteobacteria;Burkholderiales;Rhodocyclaceae;Propionivibrio,Bacteria,Proteobacteria,Gammaproteobacteria,Burkholderiales,Rhodocyclaceae,Propionivibrio
Bacteria;Proteobacteria;Gammaproteobacteria;Burkholderiales;Sutterellaceae;AAP99,Bacteria,Proteobacteria,Gammaproteobacteria,Burkholderiales,Sutterellaceae,AAP99
Bacteria;Proteobacteria;Gammaproteobacteria;Burkholderiales;Sutterellaceae;Sutterella,Bacteria,Proteobacteria,Gammaproteobacteria,Burkholderiales,Sutterellaceae,Sutterella
Bacteria;Proteobacteria;Gammaproteobacteria;Enterobacterales,Bacteria,Proteobacteria,Gammaproteobacteria,Enterobacterales,,
Bacteria;Proteobacteria;Gammaproteobacteria;Enterobacterales;Enterobacteriaceae,Bacteria,Proteobacteria,Gammaproteobacteria,Enterobacterales,Enterobacteriaceae,
Bacteria;Proteobacteria;Gammaproteobacteria;Enterobacterales;Enterobacteriaceae;Citrobacter,Bacteria,Proteobacteria,Gammaproteobacteria,Enterobacterales,Enterobacteriaceae,Citrobacter
Bacteria;Proteobacteria;Gammaproteobacteria;Enterobacterales;Enterobacteriaceae;Escherichia/Shigella,Bacteria,Proteobacteria,Gammaproteobacteria,Enterobacterales,Enterobacteriaceae,Escherichia/Shigella
Bacteria;Proteobacteria;Gammaproteobacteria;Enterobacterales;Enterobacteriaceae;Klebsiella,Bacteria,Proteobacteria,Gammaproteobacteria,Enterobacterales,Enterobacteriaceae,Klebsiella
Bacteria;Proteobacteria;Gammaproteobacteria;Enterobacterales;Morganellaceae;Proteus,Bacteria,Proteobacteria,Gammaproteobacteria,Enterobacterales,Morganellaceae,Proteus
Bacteria;Proteobacteria;Gammaproteobacteria;Enterobacterales;Morganellaceae;Providencia,Bacteria,Proteobacteria,Gammaproteobacteria,Enterobacterales,Morganellaceae,Providencia
Bacteria;Proteobacteria;Gammaproteobacteria;Enterobacterales;Yersiniaceae;Samsonia,Bacteria,Proteobacteria,Gammaproteobacteria,Enterobacterales,Yersiniaceae,Samsonia
Bacteria;Proteobacteria;Gammaproteobacteria;Oceanospirillales;Halomonadaceae;Halomonas,Bacteria,Proteobacteria,Gammaproteobacteria,Oceanospirillales,Halomonadaceae,Halomonas
Bacteria;Proteobacteria;Gammaproteobacteria;Oceanospirillales;Saccharospirillaceae;Oceanobacter,Bacteria,Proteobacteria,Gammaproteobacteria,Oceanospirillales,Saccharospirillaceae,Oceanobacter
Bacteria;Proteobacteria;Gammaproteobacteria;Pasteurellales;Pasteurellaceae,Bacteria,Proteobacteria,Gammaproteobacteria,Pasteurellales,Pasteurellaceae,
Bacteria;Proteobacteria;Gammaproteobacteria;Pasteurellales;Pasteurellaceae;Actinobacillus,Bacteria,Proteobacteria,Gammaproteobacteria,Pasteurellales,Pasteurellaceae,Actinobacillus
Bacteria;Proteobacteria;Gammaproteobacteria;Pasteurellales;Pasteurellaceae;Haemophilus,Bacteria,Proteobacteria,Gammaproteobacteria,Pasteurellales,Pasteurellaceae,Haemophilus
Bacteria;Proteobacteria;Gammaproteobacteria;Pseudomonadales;Moraxellaceae;Acinetobacter,Bacteria,Proteobacteria,Gammaproteobacteria,Pseudomonadales,Moraxellaceae,Acinetobacter
Bacteria;Proteobacteria;Gammaproteobacteria;Pseudomonadales;Moraxellaceae;Enhydrobacter,Bacteria,Proteobacteria,Gammaproteobacteria,Pseudomonadales,Moraxellaceae,Enhydrobacter
Bacteria;Proteobacteria;Gammaproteobacteria;Pseudomonadales;Pseudomonadaceae,Bacteria,Proteobacteria,Gammaproteobacteria,Pseudomonadales,Pseudomonadaceae,
Bacteria;Proteobacteria;Gammaproteobacteria;Pseudomonadales;Pseudomonadaceae;Pseudomonas,Bacteria,Proteobacteria,Gammaproteobacteria,Pseudomonadales,Pseudomonadaceae,Pseudomonas
Bacteria;Proteobacteria;Gammaproteobacteria;Pseudomonadales;Pseudomonadaceae;Thiopseudomonas,Bacteria,Proteobacteria,Gammaproteobacteria,Pseudomonadales,Pseudomonadaceae,Thiopseudomonas
Bacteria;Proteobacteria;Gammaproteobacteria;Vibrionales;Vibrionaceae;Candidatus Photodesmus,Bacteria,Proteobacteria,Gammaproteobacteria,Vibrionales,Vibrionaceae,Candidatus Photodesmus
Bacteria;Proteobacteria;Gammaproteobacteria;Xanthomonadales;Xanthomonadaceae;Luteimonas,Bacteria,Proteobacteria,Gammaproteobacteria,Xanthomonadales,Xanthomonadaceae,Luteimonas
Bacteria;Proteobacteria;Gammaproteobacteria;Xanthomonadales;Xanthomonadaceae;Rehaibacterium,Bacteria,Proteobacteria,Gammaproteobacteria,Xanthomonadales,Xanthomonadaceae,Rehaibacterium
Bacteria;Proteobacteria;Gammaproteobacteria;Xanthomonadales;Xanthomonadaceae;Silanimonas,Bacteria,Proteobacteria,Gammaproteobacteria,Xanthomonadales,Xanthomonadaceae,Silanimonas
Bacteria;Proteobacteria;Gammaproteobacteria;Xanthomonadales;Xanthomonadaceae;Stenotrophomonas,Bacteria,Proteobacteria,Gammaproteobacteria,Xanthomonadales,Xanthomonadaceae,Stenotrophomonas
Bacteria;Proteobacteria;Gammaproteobacteria;Xanthomonadales;Xanthomonadaceae;Thermomonas,Bacteria,Proteobacteria,Gammaproteobacteria,Xanthomonadales,Xanthomonadaceae,Thermomonas
Bacteria;Proteobacteria;Gammaproteobacteria;Xanthomonadales;Xanthomonadaceae;Xanthomonas,Bacteria,Proteobacteria,Gammaproteobacteria,Xanthomonadales,Xanthomonadaceae,Xanthomonas
Bacteria;Spirochaetota;Spirochaetia;Spirochaetales;Spirochaetaceae;Treponema,Bacteria,Spirochaetota,Spirochaetia,Spirochaetales,Spirochaetaceae,Treponema
Bacteria;Synergistota;Synergistia;Synergistales;Synergistaceae;Jonquetella,Bacteria,Synergistota,Synergistia,Synergistales,Synergistaceae,Jonquetella
Bacteria;Synergistota;Synergistia;Synergistales;Synergistaceae;Pyramidobacter,Bacteria,Synergistota,Synergistia,Synergistales,Synergistaceae,Pyramidobacter
Bacteria;Verrucomicrobiota;Lentisphaeria;Victivallales;vadinBE97,Bacteria,Verrucomicrobiota,Lentisphaeria,Victivallales,vadinBE97,
Bacteria;Verrucomicrobiota;Verrucomicrobiae;Opitutales;Puniceicoccaceae,Bacteria,Verrucomicrobiota,Verrucomicrobiae,Opitutales,Puniceicoccaceae,
Bacteria;Verrucomicrobiota;Verrucomicrobiae;Verrucomicrobiales;Akkermansiaceae;Akkermansia,Bacteria,Verrucomicrobiota,Verrucomicrobiae,Verrucomicrobiales,Akkermansiaceae,Akkermansia
Eukaryota;Discoba;Discicristata;Euglenozoa,Eukaryota,Discoba,Discicristata,Euglenozoa,,
Eukaryota;Discoba;Discicristata;Euglenozoa;Kinetoplastea,Eukaryota,Discoba,Discicristata,Euglenozoa,Kinetoplastea,